,Mean,Std,Skewness,Kurtosis
0,0.000163,0.01364,-0.432701,5.089395
